<?xml version="1.0" encoding="UTF-8"?>
<config xmlns="http://www.knime.org/2008/09/XMLConfig" xmlns:xsi="http://www.w3.org/2001/XMLSchema-instance" xsi:schemaLocation="http://www.knime.org/2008/09/XMLConfig http://www.knime.org/XMLConfig_2008_09.xsd" key="MiningSchema">
    <config key="learning">
        <entry key="array-size" type="xint" value="13"/>
        <entry key="0" type="xstring" value="alcohol"/>
        <entry key="1" type="xstring" value="malic_acid"/>
        <entry key="2" type="xstring" value="ash"/>
        <entry key="3" type="xstring" value="ash_alcalinity"/>
        <entry key="4" type="xstring" value="magnesium"/>
        <entry key="5" type="xstring" value="total_phenols"/>
        <entry key="6" type="xstring" value="flavonoids"/>
        <entry key="7" type="xstring" value="nonflavonoid_phenols"/>
        <entry key="8" type="xstring" value="proanthocyanins"/>
        <entry key="9" type="xstring" value="protein_concentration"/>
        <entry key="10" type="xstring" value="proline"/>
        <entry key="11" type="xstring" value="hue"/>
        <entry key="12" type="xstring" value="intensity"/>
    </config>
    <config key="target">
        <entry key="array-size" type="xint" value="1"/>
        <entry key="0" type="xstring" value="class"/>
    </config>
</config>
