<?xml version="1.0" encoding="UTF-8"?>
<config xmlns="http://www.knime.org/2008/09/XMLConfig" xmlns:xsi="http://www.w3.org/2001/XMLSchema-instance" xsi:schemaLocation="http://www.knime.org/2008/09/XMLConfig http://www.knime.org/XMLConfig_2008_09.xsd" key="model.xml">
    <entry key="version" type="xint" value="1"/>
    <entry key="class_name" type="xstring" value="org.knime.base.data.normalize.NormalizerPortObject"/>
    <config key="model">
        <config key="columns">
            <config key="fare_amount">
                <entry key="column_name" type="xstring" value="fare_amount"/>
                <entry key="column_scale" type="xdouble" value="0.0017967332123411978"/>
                <entry key="column_translate" type="xdouble" value="0.10343012704174227"/>
                <entry key="column_min" type="xdouble" value="0.01"/>
                <entry key="column_max" type="xdouble" value="1.0"/>
            </config>
            <config key="pickup_datetime">
                <entry key="column_name" type="xstring" value="pickup_datetime"/>
                <entry key="column_scale" type="xdouble" value="1.1466296038915914E-5"/>
                <entry key="column_translate" type="xdouble" value="0.01"/>
                <entry key="column_min" type="xdouble" value="0.01"/>
                <entry key="column_max" type="xdouble" value="1.0"/>
            </config>
            <config key="passenger_count">
                <entry key="column_name" type="xstring" value="passenger_count"/>
                <entry key="column_scale" type="xdouble" value="0.004759615384615385"/>
                <entry key="column_translate" type="xdouble" value="0.01"/>
                <entry key="column_min" type="xdouble" value="0.01"/>
                <entry key="column_max" type="xdouble" value="1.0"/>
            </config>
            <config key="distance">
                <entry key="column_name" type="xstring" value="distance"/>
                <entry key="column_scale" type="xdouble" value="6.03318649838852E-5"/>
                <entry key="column_translate" type="xdouble" value="0.01"/>
                <entry key="column_min" type="xdouble" value="0.01"/>
                <entry key="column_max" type="xdouble" value="1.0"/>
            </config>
        </config>
        <entry key="summary" type="xstring" value="Min/Max (0,01, 1) normalization on 4 column(s)"/>
    </config>
</config>
