<?xml version="1.0" encoding="UTF-8"?>
<config xmlns="http://www.knime.org/2008/09/XMLConfig" xmlns:xsi="http://www.w3.org/2001/XMLSchema-instance" xsi:schemaLocation="http://www.knime.org/2008/09/XMLConfig http://www.knime.org/XMLConfig_2008_09.xsd" key="preprocessing">
    <config key="preprocColumns">
        <entry key="array-size" type="xint" value="12"/>
        <entry key="0" type="xstring" value="Smoking"/>
        <entry key="1" type="xstring" value="AlcoholDrinking"/>
        <entry key="2" type="xstring" value="Stroke"/>
        <entry key="3" type="xstring" value="DiffWalking"/>
        <entry key="4" type="xstring" value="Sex"/>
        <entry key="5" type="xstring" value="AgeCategory"/>
        <entry key="6" type="xstring" value="Race"/>
        <entry key="7" type="xstring" value="Diabetic"/>
        <entry key="8" type="xstring" value="PhysicalActivity"/>
        <entry key="9" type="xstring" value="Asthma"/>
        <entry key="10" type="xstring" value="KidneyDisease"/>
        <entry key="11" type="xstring" value="SkinCancer"/>
    </config>
</config>
