<?xml version="1.0" encoding="UTF-8"?>
<config xmlns="http://www.knime.org/2008/09/XMLConfig" xmlns:xsi="http://www.w3.org/2001/XMLSchema-instance" xsi:schemaLocation="http://www.knime.org/2008/09/XMLConfig http://www.knime.org/XMLConfig_2008_09.xsd" key="model.xml">
    <entry key="version" type="xint" value="1"/>
    <entry key="class_name" type="xstring" value="org.knime.base.data.normalize.NormalizerPortObject"/>
    <config key="model">
        <config key="columns">
            <config key="fare_amount">
                <entry key="column_name" type="xstring" value="fare_amount"/>
                <entry key="column_scale" type="xdouble" value="0.05027932960893856"/>
                <entry key="column_translate" type="xdouble" value="0.009497206703910615"/>
                <entry key="column_min" type="xdouble" value="0.01"/>
                <entry key="column_max" type="xdouble" value="1.0"/>
            </config>
            <config key="pickup_datetime">
                <entry key="column_name" type="xstring" value="pickup_datetime"/>
                <entry key="column_scale" type="xdouble" value="1.1466296038915914E-5"/>
                <entry key="column_translate" type="xdouble" value="0.01"/>
                <entry key="column_min" type="xdouble" value="0.01"/>
                <entry key="column_max" type="xdouble" value="1.0"/>
            </config>
            <config key="passenger_count">
                <entry key="column_name" type="xstring" value="passenger_count"/>
                <entry key="column_scale" type="xdouble" value="0.198"/>
                <entry key="column_translate" type="xdouble" value="-0.188"/>
                <entry key="column_min" type="xdouble" value="0.01"/>
                <entry key="column_max" type="xdouble" value="1.0"/>
            </config>
            <config key="distance">
                <entry key="column_name" type="xstring" value="distance"/>
                <entry key="column_scale" type="xdouble" value="0.1536851468322649"/>
                <entry key="column_translate" type="xdouble" value="0.009844893391094324"/>
                <entry key="column_min" type="xdouble" value="0.01"/>
                <entry key="column_max" type="xdouble" value="1.0"/>
            </config>
            <config key="prediction">
                <entry key="column_name" type="xstring" value="prediction"/>
                <entry key="column_scale" type="xdouble" value="0.05027932960893856"/>
                <entry key="column_translate" type="xdouble" value="0.009497206703910615"/>
                <entry key="column_min" type="xdouble" value="0.01"/>
                <entry key="column_max" type="xdouble" value="1.0"/>
            </config>
        </config>
        <entry key="summary" type="xstring" value="Min/Max (0,01, 1) normalization on 5 column(s)"/>
    </config>
</config>
