<?xml version="1.0" encoding="UTF-8"?>
<config xmlns="http://www.knime.org/2008/09/XMLConfig" xmlns:xsi="http://www.w3.org/2001/XMLSchema-instance" xsi:schemaLocation="http://www.knime.org/2008/09/XMLConfig http://www.knime.org/XMLConfig_2008_09.xsd" key="model.xml">
    <entry key="version" type="xint" value="1"/>
    <entry key="class_name" type="xstring" value="org.knime.distance.DistanceMeasurePortSpec"/>
    <config key="model">
        <entry key="distance-spec-version" type="xstring" value="1"/>
        <config key="columns">
            <entry key="array-size" type="xint" value="17"/>
            <entry key="0" type="xstring" value="BMI"/>
            <entry key="1" type="xstring" value="Smoking"/>
            <entry key="2" type="xstring" value="AlcoholDrinking"/>
            <entry key="3" type="xstring" value="Stroke"/>
            <entry key="4" type="xstring" value="PhysicalHealth"/>
            <entry key="5" type="xstring" value="MentalHealth"/>
            <entry key="6" type="xstring" value="DiffWalking"/>
            <entry key="7" type="xstring" value="Sex"/>
            <entry key="8" type="xstring" value="AgeCategory"/>
            <entry key="9" type="xstring" value="Race"/>
            <entry key="10" type="xstring" value="Diabetic"/>
            <entry key="11" type="xstring" value="PhysicalActivity"/>
            <entry key="12" type="xstring" value="GenHealth"/>
            <entry key="13" type="xstring" value="SleepTime"/>
            <entry key="14" type="xstring" value="Asthma"/>
            <entry key="15" type="xstring" value="KidneyDisease"/>
            <entry key="16" type="xstring" value="SkinCancer"/>
        </config>
        <config key="distance-characteristics">
            <entry key="array-size" type="xint" value="1"/>
            <entry key="0" type="xstring" value="METRIC"/>
        </config>
        <entry key="distance-measure-type" type="xstring" value="org.knime.distance.measure.numerical.lnorm.LNormDistanceFactory"/>
    </config>
</config>
